{"stats":{"minecraft:killed":{"minecraft:skeleton":4,"minecraft:wither":1},"minecraft:used":{"minecraft:wither_skeleton_skull":3,"minecraft:flint_and_steel":7,"minecraft:red_wool":12,"minecraft:lantern":7,"minecraft:netherite_axe":31,"minecraft:soul_lantern":6,"minecraft:torch":179,"minecraft:golden_apple":1,"minecraft:soul_sand":6,"minecraft:tnt":17,"minecraft:obsidian":145},"minecraft:picked_up":{"minecraft:torch":4,"minecraft:wither_rose":1,"minecraft:tuff":37,"minecraft:string":5,"minecraft:name_tag":1,"minecraft:bone":5,"minecraft:arrow":2,"minecraft:rotten_flesh":4,"minecraft:bow":3,"minecraft:cobbled_deepslate":164,"minecraft:netherite_axe":1,"minecraft:saddle":1,"minecraft:golden_horse_armor":1,"minecraft:obsidian":30,"minecraft:coal":5,"minecraft:nether_star":1,"minecraft:cobblestone":5},"minecraft:custom":{"minecraft:time_since_rest":20370,"minecraft:sprint_one_cm":5628,"minecraft:damage_taken":90,"minecraft:walk_one_cm":43477,"minecraft:mob_kills":6,"minecraft:damage_dealt":3672,"minecraft:fly_one_cm":285742,"minecraft:open_chest":5,"minecraft:crouch_one_cm":2760,"minecraft:play_time":96877,"minecraft:deaths":1,"minecraft:sneak_time":1727,"minecraft:walk_under_water_one_cm":6412,"minecraft:jump":106,"minecraft:time_since_death":20254,"minecraft:leave_game":8,"minecraft:walk_on_water_one_cm":1519,"minecraft:total_world_time":96877,"minecraft:fall_one_cm":1065}},"DataVersion":3700}