{"stats":{"minecraft:killed":{"minecraft:skeleton":1},"minecraft:picked_up":{"minecraft:bone":1,"minecraft:bow":1,"minecraft:torch":2},"minecraft:used":{"minecraft:soul_lantern":6,"minecraft:torch":3,"minecraft:red_wool":12,"minecraft:lantern":7,"minecraft:netherite_axe":2,"minecraft:obsidian":111},"minecraft:custom":{"minecraft:time_since_rest":8372,"minecraft:open_chest":4,"minecraft:crouch_one_cm":467,"minecraft:sprint_one_cm":2941,"minecraft:play_time":84879,"minecraft:walk_one_cm":18651,"minecraft:damage_taken":30,"minecraft:deaths":1,"minecraft:sneak_time":748,"minecraft:walk_under_water_one_cm":2703,"minecraft:mob_kills":1,"minecraft:jump":69,"minecraft:damage_dealt":240,"minecraft:leave_game":8,"minecraft:walk_on_water_one_cm":1083,"minecraft:time_since_death":8256,"minecraft:total_world_time":84879,"minecraft:fly_one_cm":180831}},"DataVersion":3700}