{"stats":{"minecraft:used":{"minecraft:soul_lantern":6,"minecraft:red_wool":12,"minecraft:lantern":7},"minecraft:custom":{"minecraft:jump":62,"minecraft:time_since_rest":29168,"minecraft:damage_dealt":90,"minecraft:crouch_one_cm":311,"minecraft:leave_game":4,"minecraft:play_time":29168,"minecraft:sprint_one_cm":2801,"minecraft:time_since_death":29168,"minecraft:walk_on_water_one_cm":1083,"minecraft:walk_one_cm":16863,"minecraft:sneak_time":318,"minecraft:total_world_time":29168,"minecraft:walk_under_water_one_cm":2703,"minecraft:fly_one_cm":168430}},"DataVersion":3700}